[null,{"name":"Error","temp":"ere","event-type":"37","actions":[{"channel":"4","varName":"","message":"The queen Has Failed! Reason= ${tempVars(\"ere\")}\"","storage":"0","varName2":"","name":"Send Message"}],"temp2":"erp","_id":"bKuSu"},{"name":"Banned","temp":"meb","event-type":"12","actions":[{"channel":"4","varName":"","message":"${tempVars(\"meb\")}\" Has Lost The Wae!","storage":"0","varName2":"","name":"Send Message"}],"_id":"VdXmB"},{"name":"Bye","temp":"pep","event-type":"7","actions":[{"channel":"4","varName":"","message":"${tempVars(\"pep\")}\" Does Not Know Dae Wae","storage":"0","varName2":"","name":"Send Message"}],"_id":"xmAaK"},{"name":"Emojiu","temp":"emoj","event-type":"27","actions":[{"channel":"4","varName":"","message":"New Way ${tempVars(\"emoj\")}\"","storage":"0","varName2":"","name":"Send Message"}],"_id":"jvRFW"},{"name":"NewRole","temp":"ror","event-type":"10","actions":[{"channel":"4","varName":"","message":"New Role ${tempVars(\"ror\")}\"","storage":"0","varName2":"","name":"Send Message"}],"_id":"HzElx"},{"name":"TurnOn","temp":"","event-type":"1","actions":[{"channel":"4","varName":"","message":"I Know Dae Waeeeeeeeeeeeeeeeee","storage":"0","varName2":"","name":"Send Message"}],"_id":"HCQAy"},{"name":"Hello","temp":"mem","event-type":"6","_id":"tDkGT","actions":[{"channel":"4","varName":"","file":"resources/download.jpg","message":"Hello My Bruda ${tempVars(\"mem\")}!\" Do You know da wae","name":"Send File"}]}]